{
    "name": "multiple-select",
    "version": "1.2.1",
    "title": "Multiple Select",
    "description": "Multiple select is a jQuery plugin to select multiple elements with checkboxes :).",
    "author": {
        "name": "zhixin wen",
        "email": "wenzhixin2010@gmail.com",
        "url": "http://wenzhixin.net.cn/"
    },
    "licenses": [
        {
            "type": "MIT License",
            "url": "http://opensource.org/licenses/MIT"
        }
    ],
    "dependencies": {
        "jquery": ">=1.7"
    },
    "keywords": ["multiple.select", "select.list", "multiple.choose", "checkbox"],
    "homepage": "http://wenzhixin.net.cn/p/multiple-select/",
    "demo": "http://wenzhixin.net.cn/p/multiple-select/#examples",
    "bugs": {
        "url": "https://github.com/wenzhixin/multiple-select/issues"
    },
    "docs": "http://wenzhixin.net.cn/p/multiple-select/#documentation",
    "download": "https://github.com/wenzhixin/multiple-select/archive/master.zip"
}